order_month,region,orders,units,revenue
2026-01,DE,9,83,2224.9
2026-01,FR,10,103,6181.5
2026-01,IN,9,96,5533.0
2026-01,NL,8,109,10061.0
2026-01,US,7,81,4457.2
2026-02,DE,9,90,3486.3
2026-02,FR,9,111,2601.5
2026-02,IN,15,145,9023.0
2026-02,NL,11,119,3195.8
2026-02,US,15,177,11561.0
2026-03,DE,16,144,8413.5
2026-03,FR,13,154,8477.1
2026-03,IN,9,95,3307.3
2026-03,NL,14,177,16107.6
2026-03,US,16,139,3154.8
2026-04,DE,7,35,1809.8
2026-04,FR,5,77,4055.5
2026-04,IN,8,102,4717.1
2026-04,NL,9,51,1778.4
2026-04,UNKNOWN,2,10,1500.0
2026-04,US,11,122,5577.8
2026-05,DE,8,70,1580.4
2026-05,FR,7,85,4431.8
2026-05,IN,7,70,6434.2
2026-05,NL,14,163,8347.5
2026-05,UNKNOWN,2,18,686.5
2026-05,US,12,92,4560.3
2026-06,DE,12,118,7292.9
2026-06,FR,11,117,4362.2
2026-06,IN,10,131,3337.0
2026-06,NL,14,156,12325.3
2026-06,US,15,124,10148.6
2026-07,DE,9,112,5072.3
2026-07,FR,9,77,3778.6
2026-07,IN,16,145,6792.5
2026-07,NL,12,160,6409.9
2026-07,UNKNOWN,1,13,624.0
2026-07,US,10,107,3925.9
2026-08,DE,8,71,4602.9
2026-08,FR,10,89,4514.8
2026-08,IN,17,156,8880.8
2026-08,NL,16,183,9417.7
2026-08,UNKNOWN,1,14,175.0
2026-08,US,13,126,5850.9
2026-09,DE,5,39,592.3
2026-09,FR,8,99,9014.8
2026-09,IN,9,104,5578.0
2026-09,NL,8,75,3530.8
2026-09,UNKNOWN,1,6,75.0
2026-09,US,13,166,14063.5
