order_id,order_date,region,material,quantity,net_price,_source_file,order_month
SO00001,2026-03-13,NL,M-200,4,192.0,sales_raw.csv,2026-03
SO00002,2026-08-05,DE,M-100,2,25.0,sales_raw.csv,2026-08
SO00003,2026-04-22,NL,M-100,8,100.0,sales_raw.csv,2026-04
SO00004,2026-04-12,US,M-100,18,225.0,sales_raw.csv,2026-04
SO00005,2026-08-18,IN,M-200,19,912.0,sales_raw.csv,2026-08
SO00006,2026-03-23,IN,M-100,14,175.0,sales_raw.csv,2026-03
SO00007,2026-03-21,IN,M-300,7,55.3,sales_raw.csv,2026-03
SO00008,2026-02-17,DE,M-100,13,162.5,sales_raw.csv,2026-02
SO00009,2026-06-26,IN,M-300,20,158.0,sales_raw.csv,2026-06
SO00010,2026-08-24,DE,M-100,18,225.0,sales_raw.csv,2026-08
SO00011,2026-02-10,IN,M-400,18,2700.0,sales_raw.csv,2026-02
SO00012,2026-04-09,DE,M-300,3,23.7,sales_raw.csv,2026-04
SO00013,2026-05-29,FR,M-200,3,144.0,sales_raw.csv,2026-05
SO00014,2026-07-14,US,M-100,9,112.5,sales_raw.csv,2026-07
SO00015,2026-03-25,IN,M-300,12,94.8,sales_raw.csv,2026-03
SO00016,2026-05-17,NL,M-200,3,144.0,sales_raw.csv,2026-05
SO00017,2026-05-06,US,M-200,6,288.0,sales_raw.csv,2026-05
SO00018,2026-05-19,FR,M-400,18,2700.0,sales_raw.csv,2026-05
SO00019,2026-01-29,DE,M-300,8,63.2,sales_raw.csv,2026-01
SO00020,2026-07-25,DE,M-300,9,71.1,sales_raw.csv,2026-07
SO00021,2026-06-11,US,M-200,7,336.0,sales_raw.csv,2026-06
SO00022,2026-08-23,IN,M-400,5,750.0,sales_raw.csv,2026-08
SO00023,2026-05-07,NL,M-200,18,864.0,sales_raw.csv,2026-05
SO00024,2026-08-08,US,M-300,19,150.1,sales_raw.csv,2026-08
SO00025,2026-04-23,NL,M-300,5,39.5,sales_raw.csv,2026-04
SO00026,2026-02-16,DE,M-400,2,300.0,sales_raw.csv,2026-02
SO00027,2026-03-23,NL,M-200,14,672.0,sales_raw.csv,2026-03
SO00028,2026-07-17,NL,M-100,13,162.5,sales_raw.csv,2026-07
SO00029,2026-09-28,NL,M-400,9,1350.0,sales_raw.csv,2026-09
SO00030,2026-02-28,IN,M-100,18,225.0,sales_raw.csv,2026-02
SO00031,2026-02-27,US,M-300,10,79.0,sales_raw.csv,2026-02
SO00032,2026-08-21,IN,M-200,1,48.0,sales_raw.csv,2026-08
SO00033,2026-09-17,IN,M-200,4,192.0,sales_raw.csv,2026-09
SO00034,2026-03-20,FR,M-200,12,576.0,sales_raw.csv,2026-03
SO00035,2026-06-15,DE,M-100,16,200.0,sales_raw.csv,2026-06
SO00036,2026-07-05,FR,M-100,10,125.0,sales_raw.csv,2026-07
SO00037,2026-05-04,DE,M-100,19,237.5,sales_raw.csv,2026-05
SO00038,2026-09-06,NL,M-100,3,37.5,sales_raw.csv,2026-09
SO00039,2026-03-07,NL,M-200,16,768.0,sales_raw.csv,2026-03
SO00040,2026-05-16,NL,M-200,17,816.0,sales_raw.csv,2026-05
SO00041,2026-04-19,FR,M-400,18,2700.0,sales_raw.csv,2026-04
SO00042,2026-07-24,US,M-300,12,94.8,sales_raw.csv,2026-07
SO00043,2026-03-03,FR,M-400,8,1200.0,sales_raw.csv,2026-03
SO00044,2026-06-23,NL,M-100,1,12.5,sales_raw.csv,2026-06
SO00045,2026-04-23,DE,M-200,1,48.0,sales_raw.csv,2026-04
SO00046,2026-04-28,DE,M-100,3,37.5,sales_raw.csv,2026-04
SO00047,2026-02-06,FR,M-300,17,134.3,sales_raw.csv,2026-02
SO00048,2026-09-06,NL,M-300,7,55.3,sales_raw.csv,2026-09
SO00049,2026-08-31,US,M-200,8,384.0,sales_raw.csv,2026-08
SO00050,2026-04-08,DE,M-400,4,600.0,sales_raw.csv,2026-04
SO00051,2026-07-01,US,M-400,14,2100.0,sales_raw.csv,2026-07
SO00052,2026-01-28,DE,M-400,4,600.0,sales_raw.csv,2026-01
SO00054,2026-04-08,US,M-200,18,864.0,sales_raw.csv,2026-04
SO00055,2026-08-05,IN,M-200,6,288.0,sales_raw.csv,2026-08
SO00056,2026-05-08,US,M-400,3,450.0,sales_raw.csv,2026-05
SO00057,2026-01-26,DE,M-100,18,225.0,sales_raw.csv,2026-01
SO00058,2026-05-02,US,M-100,6,75.0,sales_raw.csv,2026-05
SO00059,2026-09-04,US,M-400,7,1050.0,sales_raw.csv,2026-09
SO00060,2026-03-26,DE,M-100,13,162.5,sales_raw.csv,2026-03
SO00061,2026-05-16,IN,M-400,15,2250.0,sales_raw.csv,2026-05
SO00062,2026-09-07,FR,M-400,5,750.0,sales_raw.csv,2026-09
SO00063,2026-04-22,NL,M-300,2,15.8,sales_raw.csv,2026-04
SO00064,2026-06-10,DE,M-100,2,25.0,sales_raw.csv,2026-06
SO00065,2026-09-15,FR,M-400,17,2550.0,sales_raw.csv,2026-09
SO00066,2026-09-18,FR,M-100,3,37.5,sales_raw.csv,2026-09
SO00067,2026-02-04,US,M-100,8,100.0,sales_raw.csv,2026-02
SO00068,2026-05-07,NL,M-100,19,237.5,sales_raw.csv,2026-05
SO00069,2026-02-11,NL,M-100,14,175.0,sales_raw.csv,2026-02
SO00070,2026-05-14,IN,M-300,7,55.3,sales_raw.csv,2026-05
SO00071,2026-05-16,UNKNOWN,M-200,13,624.0,sales_raw.csv,2026-05
SO00072,2026-08-23,DE,M-300,11,86.9,sales_raw.csv,2026-08
SO00073,2026-08-23,NL,M-100,20,250.0,sales_raw.csv,2026-08
SO00074,2026-02-07,FR,M-100,18,225.0,sales_raw.csv,2026-02
SO00075,2026-03-09,DE,M-300,12,94.8,sales_raw.csv,2026-03
SO00076,2026-07-09,FR,M-200,10,480.0,sales_raw.csv,2026-07
SO00077,2026-06-04,NL,M-400,20,3000.0,sales_raw.csv,2026-06
SO00078,2026-06-03,FR,M-100,4,50.0,sales_raw.csv,2026-06
SO00079,2026-03-01,NL,M-300,4,31.6,sales_raw.csv,2026-03
SO00080,2026-05-20,NL,M-200,10,480.0,sales_raw.csv,2026-05
SO00081,2026-06-25,IN,M-200,7,336.0,sales_raw.csv,2026-06
SO00082,2026-05-09,DE,M-400,2,300.0,sales_raw.csv,2026-05
SO00083,2026-05-22,DE,M-400,2,300.0,sales_raw.csv,2026-05
SO00084,2026-03-08,FR,M-300,9,71.1,sales_raw.csv,2026-03
SO00085,2026-08-07,DE,M-400,18,2700.0,sales_raw.csv,2026-08
SO00086,2026-02-08,NL,M-100,5,62.5,sales_raw.csv,2026-02
SO00087,2026-07-09,NL,M-100,19,237.5,sales_raw.csv,2026-07
SO00088,2026-08-09,DE,M-200,5,240.0,sales_raw.csv,2026-08
SO00089,2026-07-06,IN,M-300,2,15.8,sales_raw.csv,2026-07
SO00090,2026-05-08,IN,M-200,4,192.0,sales_raw.csv,2026-05
SO00091,2026-03-21,FR,M-400,8,1200.0,sales_raw.csv,2026-03
SO00092,2026-07-31,FR,M-200,1,48.0,sales_raw.csv,2026-07
SO00093,2026-07-30,IN,M-300,8,63.2,sales_raw.csv,2026-07
SO00094,2026-02-25,DE,M-200,13,624.0,sales_raw.csv,2026-02
SO00095,2026-04-24,US,M-400,7,1050.0,sales_raw.csv,2026-04
SO00096,2026-06-06,FR,M-300,8,63.2,sales_raw.csv,2026-06
SO00097,2026-04-09,IN,M-100,13,162.5,sales_raw.csv,2026-04
SO00098,2026-02-05,IN,M-300,9,71.1,sales_raw.csv,2026-02
SO00099,2026-06-19,DE,M-400,1,150.0,sales_raw.csv,2026-06
SO00100,2026-04-02,IN,M-300,19,150.1,sales_raw.csv,2026-04
SO00101,2026-02-25,US,M-100,20,250.0,sales_raw.csv,2026-02
SO00102,2026-06-10,NL,M-300,14,110.6,sales_raw.csv,2026-06
SO00103,2026-07-17,FR,M-100,19,237.5,sales_raw.csv,2026-07
SO00104,2026-01-23,DE,M-300,14,110.6,sales_raw.csv,2026-01
SO00105,2026-07-06,DE,M-200,14,672.0,sales_raw.csv,2026-07
SO00107,2026-07-29,US,M-300,11,86.9,sales_raw.csv,2026-07
SO00108,2026-03-07,US,M-300,7,55.3,sales_raw.csv,2026-03
SO00109,2026-03-31,NL,M-400,20,3000.0,sales_raw.csv,2026-03
SO00110,2026-07-27,DE,M-300,18,142.2,sales_raw.csv,2026-07
SO00111,2026-05-27,US,M-300,7,55.3,sales_raw.csv,2026-05
SO00112,2026-08-27,US,M-300,15,118.5,sales_raw.csv,2026-08
SO00113,2026-09-19,FR,M-200,16,768.0,sales_raw.csv,2026-09
SO00114,2026-05-26,NL,M-100,17,212.5,sales_raw.csv,2026-05
SO00115,2026-02-17,IN,M-300,8,63.2,sales_raw.csv,2026-02
SO00116,2026-04-12,DE,M-200,5,240.0,sales_raw.csv,2026-04
SO00117,2026-05-06,NL,M-100,16,200.0,sales_raw.csv,2026-05
SO00118,2026-08-22,NL,M-100,14,175.0,sales_raw.csv,2026-08
SO00119,2026-07-16,US,M-200,16,768.0,sales_raw.csv,2026-07
SO00120,2026-03-17,DE,M-200,1,48.0,sales_raw.csv,2026-03
SO00121,2026-04-23,NL,M-400,6,900.0,sales_raw.csv,2026-04
SO00122,2026-01-26,FR,M-400,18,2700.0,sales_raw.csv,2026-01
SO00123,2026-08-22,US,M-100,5,62.5,sales_raw.csv,2026-08
SO00124,2026-08-15,NL,M-300,20,158.0,sales_raw.csv,2026-08
SO00125,2026-08-17,US,M-400,6,900.0,sales_raw.csv,2026-08
SO00126,2026-05-13,IN,M-400,8,1200.0,sales_raw.csv,2026-05
SO00127,2026-05-03,US,M-400,9,1350.0,sales_raw.csv,2026-05
SO00128,2026-05-27,IN,M-100,8,100.0,sales_raw.csv,2026-05
SO00129,2026-06-13,DE,M-300,18,142.2,sales_raw.csv,2026-06
SO00130,2026-03-19,US,M-200,8,384.0,sales_raw.csv,2026-03
SO00131,2026-04-20,US,M-200,3,144.0,sales_raw.csv,2026-04
SO00132,2026-06-19,US,M-400,18,2700.0,sales_raw.csv,2026-06
SO00133,2026-02-01,US,M-400,7,1050.0,sales_raw.csv,2026-02
SO00134,2026-01-11,US,M-400,19,2850.0,sales_raw.csv,2026-01
SO00135,2026-01-04,IN,M-400,12,1800.0,sales_raw.csv,2026-01
SO00136,2026-08-03,NL,M-400,18,2700.0,sales_raw.csv,2026-08
SO00137,2026-09-07,IN,M-200,8,384.0,sales_raw.csv,2026-09
SO00138,2026-09-06,US,M-400,1,150.0,sales_raw.csv,2026-09
SO00139,2026-07-27,US,M-300,6,47.4,sales_raw.csv,2026-07
SO00140,2026-01-14,NL,M-200,13,624.0,sales_raw.csv,2026-01
SO00141,2026-02-12,FR,M-100,14,175.0,sales_raw.csv,2026-02
SO00142,2026-04-04,UNKNOWN,M-400,2,300.0,sales_raw.csv,2026-04
SO00143,2026-06-17,US,M-400,7,1050.0,sales_raw.csv,2026-06
SO00144,2026-06-22,IN,M-300,13,102.7,sales_raw.csv,2026-06
SO00145,2026-05-10,US,M-400,3,450.0,sales_raw.csv,2026-05
SO00146,2026-01-27,FR,M-100,12,150.0,sales_raw.csv,2026-01
SO00147,2026-01-21,FR,M-100,1,12.5,sales_raw.csv,2026-01
SO00148,2026-01-11,FR,M-200,20,960.0,sales_raw.csv,2026-01
SO00149,2026-03-06,DE,M-200,16,768.0,sales_raw.csv,2026-03
SO00150,2026-08-27,IN,M-200,9,432.0,sales_raw.csv,2026-08
SO00151,2026-02-28,IN,M-200,6,288.0,sales_raw.csv,2026-02
SO00152,2026-01-14,NL,M-100,10,125.0,sales_raw.csv,2026-01
SO00153,2026-07-23,DE,M-400,7,1050.0,sales_raw.csv,2026-07
SO00154,2026-02-22,NL,M-200,10,480.0,sales_raw.csv,2026-02
SO00155,2026-01-22,NL,M-100,12,150.0,sales_raw.csv,2026-01
SO00156,2026-07-09,NL,M-400,3,450.0,sales_raw.csv,2026-07
SO00157,2026-01-07,US,M-300,14,110.6,sales_raw.csv,2026-01
SO00158,2026-08-10,US,M-100,12,150.0,sales_raw.csv,2026-08
SO00160,2026-09-05,US,M-300,15,118.5,sales_raw.csv,2026-09
SO00161,2026-06-15,DE,M-300,8,63.2,sales_raw.csv,2026-06
SO00162,2026-08-19,US,M-300,8,63.2,sales_raw.csv,2026-08
SO00163,2026-06-22,US,M-400,1,150.0,sales_raw.csv,2026-06
SO00164,2026-04-04,FR,M-300,16,126.4,sales_raw.csv,2026-04
SO00165,2026-05-13,IN,M-300,11,86.9,sales_raw.csv,2026-05
SO00166,2026-01-06,FR,M-300,17,134.3,sales_raw.csv,2026-01
SO00167,2026-05-04,US,M-100,14,175.0,sales_raw.csv,2026-05
SO00168,2026-09-01,US,M-200,16,768.0,sales_raw.csv,2026-09
SO00169,2026-02-17,FR,M-100,10,125.0,sales_raw.csv,2026-02
SO00170,2026-05-05,NL,M-400,10,1500.0,sales_raw.csv,2026-05
SO00171,2026-08-31,NL,M-300,18,142.2,sales_raw.csv,2026-08
SO00172,2026-08-06,IN,M-300,18,142.2,sales_raw.csv,2026-08
SO00173,2026-08-21,IN,M-300,9,71.1,sales_raw.csv,2026-08
SO00174,2026-04-29,FR,M-300,4,31.6,sales_raw.csv,2026-04
SO00175,2026-03-03,FR,M-300,18,142.2,sales_raw.csv,2026-03
SO00176,2026-04-21,IN,M-200,16,768.0,sales_raw.csv,2026-04
SO00177,2026-02-21,IN,M-300,7,55.3,sales_raw.csv,2026-02
SO00178,2026-07-04,IN,M-200,6,288.0,sales_raw.csv,2026-07
SO00179,2026-03-06,DE,M-100,9,112.5,sales_raw.csv,2026-03
SO00180,2026-05-30,US,M-100,5,62.5,sales_raw.csv,2026-05
SO00181,2026-01-07,IN,M-100,19,237.5,sales_raw.csv,2026-01
SO00182,2026-09-03,IN,M-400,15,2250.0,sales_raw.csv,2026-09
SO00183,2026-01-27,US,M-200,9,432.0,sales_raw.csv,2026-01
SO00184,2026-02-03,US,M-100,13,162.5,sales_raw.csv,2026-02
SO00185,2026-01-28,FR,M-100,5,62.5,sales_raw.csv,2026-01
SO00186,2026-02-13,DE,M-300,8,63.2,sales_raw.csv,2026-02
SO00187,2026-04-26,US,M-400,17,2550.0,sales_raw.csv,2026-04
SO00188,2026-08-15,NL,M-400,10,1500.0,sales_raw.csv,2026-08
SO00189,2026-06-06,NL,M-400,19,2850.0,sales_raw.csv,2026-06
SO00190,2026-02-20,FR,M-100,7,87.5,sales_raw.csv,2026-02
SO00191,2026-02-11,FR,M-300,6,47.4,sales_raw.csv,2026-02
SO00192,2026-02-08,DE,M-200,6,288.0,sales_raw.csv,2026-02
SO00193,2026-08-19,US,M-400,20,3000.0,sales_raw.csv,2026-08
SO00194,2026-01-17,IN,M-300,8,63.2,sales_raw.csv,2026-01
SO00195,2026-08-21,FR,M-300,3,23.7,sales_raw.csv,2026-08
SO00196,2026-04-12,DE,M-300,14,110.6,sales_raw.csv,2026-04
SO00197,2026-03-18,FR,M-200,9,432.0,sales_raw.csv,2026-03
SO00198,2026-01-31,IN,M-100,6,75.0,sales_raw.csv,2026-01
SO00199,2026-08-13,US,M-300,4,31.6,sales_raw.csv,2026-08
SO00200,2026-07-26,NL,M-300,9,71.1,sales_raw.csv,2026-07
SO00201,2026-08-13,NL,M-400,3,450.0,sales_raw.csv,2026-08
SO00202,2026-08-10,NL,M-100,11,137.5,sales_raw.csv,2026-08
SO00203,2026-01-14,FR,M-300,3,23.7,sales_raw.csv,2026-01
SO00204,2026-05-18,DE,M-100,19,237.5,sales_raw.csv,2026-05
SO00205,2026-08-29,US,M-200,17,816.0,sales_raw.csv,2026-08
SO00206,2026-04-03,US,M-300,19,150.1,sales_raw.csv,2026-04
SO00207,2026-02-16,IN,M-400,16,2400.0,sales_raw.csv,2026-02
SO00208,2026-06-20,DE,M-400,11,1650.0,sales_raw.csv,2026-06
SO00209,2026-06-18,US,M-200,14,672.0,sales_raw.csv,2026-06
SO00210,2026-07-25,DE,M-300,18,142.2,sales_raw.csv,2026-07
SO00211,2026-02-15,IN,M-400,11,1650.0,sales_raw.csv,2026-02
SO00213,2026-08-25,UNKNOWN,M-100,14,175.0,sales_raw.csv,2026-08
SO00214,2026-09-23,NL,M-200,12,576.0,sales_raw.csv,2026-09
SO00215,2026-08-15,FR,M-400,2,300.0,sales_raw.csv,2026-08
SO00216,2026-03-09,US,M-300,10,79.0,sales_raw.csv,2026-03
SO00217,2026-03-04,NL,M-400,1,150.0,sales_raw.csv,2026-03
SO00218,2026-03-23,NL,M-200,10,480.0,sales_raw.csv,2026-03
SO00219,2026-07-28,FR,M-100,3,37.5,sales_raw.csv,2026-07
SO00220,2026-08-25,FR,M-100,4,50.0,sales_raw.csv,2026-08
SO00221,2026-05-30,IN,M-400,17,2550.0,sales_raw.csv,2026-05
SO00222,2026-09-05,FR,M-400,16,2400.0,sales_raw.csv,2026-09
SO00223,2026-03-16,FR,M-400,13,1950.0,sales_raw.csv,2026-03
SO00224,2026-02-05,US,M-200,9,432.0,sales_raw.csv,2026-02
SO00225,2026-09-17,DE,M-300,9,71.1,sales_raw.csv,2026-09
SO00226,2026-06-02,NL,M-300,19,150.1,sales_raw.csv,2026-06
SO00227,2026-03-18,NL,M-400,15,2250.0,sales_raw.csv,2026-03
SO00228,2026-06-26,NL,M-400,11,1650.0,sales_raw.csv,2026-06
SO00229,2026-08-22,FR,M-400,11,1650.0,sales_raw.csv,2026-08
SO00230,2026-07-16,US,M-200,8,384.0,sales_raw.csv,2026-07
SO00231,2026-06-12,US,M-100,16,200.0,sales_raw.csv,2026-06
SO00232,2026-03-19,DE,M-400,16,2400.0,sales_raw.csv,2026-03
SO00233,2026-09-15,IN,M-200,19,912.0,sales_raw.csv,2026-09
SO00234,2026-08-14,NL,M-100,4,50.0,sales_raw.csv,2026-08
SO00235,2026-01-08,US,M-400,5,750.0,sales_raw.csv,2026-01
SO00236,2026-02-08,IN,M-200,16,768.0,sales_raw.csv,2026-02
SO00237,2026-07-23,IN,M-300,3,23.7,sales_raw.csv,2026-07
SO00238,2026-06-12,NL,M-400,16,2400.0,sales_raw.csv,2026-06
SO00239,2026-02-05,IN,M-100,8,100.0,sales_raw.csv,2026-02
SO00240,2026-02-16,DE,M-200,14,672.0,sales_raw.csv,2026-02
SO00241,2026-08-16,IN,M-100,6,75.0,sales_raw.csv,2026-08
SO00242,2026-01-24,DE,M-100,11,137.5,sales_raw.csv,2026-01
SO00243,2026-07-03,US,M-300,12,94.8,sales_raw.csv,2026-07
SO00244,2026-05-06,US,M-200,17,816.0,sales_raw.csv,2026-05
SO00245,2026-03-29,DE,M-200,6,288.0,sales_raw.csv,2026-03
SO00246,2026-05-04,NL,M-400,16,2400.0,sales_raw.csv,2026-05
SO00247,2026-04-29,IN,M-200,15,720.0,sales_raw.csv,2026-04
SO00248,2026-05-11,US,M-400,1,150.0,sales_raw.csv,2026-05
SO00249,2026-03-22,US,M-300,3,23.7,sales_raw.csv,2026-03
SO00250,2026-06-03,IN,M-300,14,110.6,sales_raw.csv,2026-06
SO00251,2026-06-04,US,M-400,7,1050.0,sales_raw.csv,2026-06
SO00252,2026-02-24,US,M-400,8,1200.0,sales_raw.csv,2026-02
SO00253,2026-06-01,DE,M-300,10,79.0,sales_raw.csv,2026-06
SO00254,2026-05-21,NL,M-400,1,150.0,sales_raw.csv,2026-05
SO00255,2026-09-12,FR,M-100,10,125.0,sales_raw.csv,2026-09
SO00256,2026-04-23,NL,M-300,7,55.3,sales_raw.csv,2026-04
SO00257,2026-03-12,DE,M-300,4,31.6,sales_raw.csv,2026-03
SO00258,2026-08-14,NL,M-300,2,15.8,sales_raw.csv,2026-08
SO00259,2026-03-09,IN,M-300,3,23.7,sales_raw.csv,2026-03
SO00260,2026-08-01,FR,M-300,6,47.4,sales_raw.csv,2026-08
SO00261,2026-07-07,NL,M-200,17,816.0,sales_raw.csv,2026-07
SO00262,2026-03-26,US,M-300,9,71.1,sales_raw.csv,2026-03
SO00263,2026-06-23,US,M-300,4,31.6,sales_raw.csv,2026-06
SO00264,2026-03-14,US,M-100,8,100.0,sales_raw.csv,2026-03
SO00266,2026-03-05,IN,M-300,15,118.5,sales_raw.csv,2026-03
SO00267,2026-07-15,DE,M-300,12,94.8,sales_raw.csv,2026-07
SO00268,2026-08-30,NL,M-200,1,48.0,sales_raw.csv,2026-08
SO00269,2026-04-24,US,M-300,3,23.7,sales_raw.csv,2026-04
SO00270,2026-07-29,FR,M-300,4,31.6,sales_raw.csv,2026-07
SO00271,2026-01-20,US,M-100,10,125.0,sales_raw.csv,2026-01
SO00272,2026-02-19,NL,M-100,8,100.0,sales_raw.csv,2026-02
SO00273,2026-07-18,IN,M-200,15,720.0,sales_raw.csv,2026-07
SO00274,2026-03-21,DE,M-400,14,2100.0,sales_raw.csv,2026-03
SO00275,2026-07-28,DE,M-400,9,1350.0,sales_raw.csv,2026-07
SO00276,2026-04-22,US,M-300,15,118.5,sales_raw.csv,2026-04
SO00277,2026-07-05,IN,M-200,4,192.0,sales_raw.csv,2026-07
SO00278,2026-02-01,IN,M-300,13,102.7,sales_raw.csv,2026-02
SO00279,2026-03-04,DE,M-200,15,720.0,sales_raw.csv,2026-03
SO00280,2026-01-11,IN,M-200,2,96.0,sales_raw.csv,2026-01
SO00281,2026-03-06,FR,M-200,19,912.0,sales_raw.csv,2026-03
SO00282,2026-04-17,FR,M-100,19,237.5,sales_raw.csv,2026-04
SO00283,2026-06-18,NL,M-200,5,240.0,sales_raw.csv,2026-06
SO00284,2026-05-22,UNKNOWN,M-100,5,62.5,sales_raw.csv,2026-05
SO00285,2026-03-31,DE,M-300,4,31.6,sales_raw.csv,2026-03
SO00286,2026-01-08,FR,M-200,12,576.0,sales_raw.csv,2026-01
SO00287,2026-01-09,IN,M-300,6,47.4,sales_raw.csv,2026-01
SO00288,2026-03-06,NL,M-100,14,175.0,sales_raw.csv,2026-03
SO00289,2026-02-02,US,M-100,16,200.0,sales_raw.csv,2026-02
SO00290,2026-09-20,DE,M-300,19,150.1,sales_raw.csv,2026-09
SO00291,2026-09-15,NL,M-400,8,1200.0,sales_raw.csv,2026-09
SO00292,2026-09-24,US,M-100,10,125.0,sales_raw.csv,2026-09
SO00293,2026-02-01,US,M-100,16,200.0,sales_raw.csv,2026-02
SO00294,2026-02-25,US,M-400,16,2400.0,sales_raw.csv,2026-02
SO00295,2026-02-11,NL,M-100,11,137.5,sales_raw.csv,2026-02
SO00296,2026-02-03,IN,M-200,5,240.0,sales_raw.csv,2026-02
SO00297,2026-07-15,NL,M-300,20,158.0,sales_raw.csv,2026-07
SO00298,2026-08-21,NL,M-300,17,134.3,sales_raw.csv,2026-08
SO00299,2026-02-20,NL,M-400,4,600.0,sales_raw.csv,2026-02
SO00300,2026-08-09,FR,M-200,15,720.0,sales_raw.csv,2026-08
SO00301,2026-06-23,US,M-400,15,2250.0,sales_raw.csv,2026-06
SO00302,2026-02-18,US,M-400,11,1650.0,sales_raw.csv,2026-02
SO00303,2026-05-11,FR,M-300,12,94.8,sales_raw.csv,2026-05
SO00304,2026-02-04,DE,M-400,3,450.0,sales_raw.csv,2026-02
SO00305,2026-08-10,IN,M-100,4,50.0,sales_raw.csv,2026-08
SO00306,2026-01-31,NL,M-200,19,912.0,sales_raw.csv,2026-01
SO00307,2026-03-04,IN,M-300,14,110.6,sales_raw.csv,2026-03
SO00308,2026-01-27,NL,M-400,10,1500.0,sales_raw.csv,2026-01
SO00309,2026-06-30,NL,M-300,4,31.6,sales_raw.csv,2026-06
SO00310,2026-03-21,FR,M-200,16,768.0,sales_raw.csv,2026-03
SO00311,2026-06-29,IN,M-100,18,225.0,sales_raw.csv,2026-06
SO00312,2026-05-23,FR,M-100,19,237.5,sales_raw.csv,2026-05
SO00313,2026-01-14,IN,M-400,20,3000.0,sales_raw.csv,2026-01
SO00314,2026-04-03,IN,M-100,9,112.5,sales_raw.csv,2026-04
SO00315,2026-06-29,FR,M-300,1,7.9,sales_raw.csv,2026-06
SO00316,2026-07-25,FR,M-200,3,144.0,sales_raw.csv,2026-07
SO00317,2026-02-16,FR,M-100,17,212.5,sales_raw.csv,2026-02
SO00319,2026-07-09,IN,M-200,10,480.0,sales_raw.csv,2026-07
SO00320,2026-01-27,FR,M-100,5,62.5,sales_raw.csv,2026-01
SO00321,2026-02-11,US,M-100,9,112.5,sales_raw.csv,2026-02
SO00322,2026-09-06,US,M-400,20,3000.0,sales_raw.csv,2026-09
SO00323,2026-05-20,NL,M-400,7,1050.0,sales_raw.csv,2026-05
SO00324,2026-06-26,DE,M-100,14,175.0,sales_raw.csv,2026-06
SO00325,2026-09-07,IN,M-300,17,134.3,sales_raw.csv,2026-09
SO00326,2026-04-23,NL,M-100,13,162.5,sales_raw.csv,2026-04
SO00327,2026-01-04,IN,M-100,7,87.5,sales_raw.csv,2026-01
SO00328,2026-03-12,IN,M-200,9,432.0,sales_raw.csv,2026-03
SO00329,2026-03-03,US,M-300,1,7.9,sales_raw.csv,2026-03
SO00330,2026-03-31,US,M-400,5,750.0,sales_raw.csv,2026-03
SO00331,2026-09-14,IN,M-200,18,864.0,sales_raw.csv,2026-09
SO00332,2026-07-23,US,M-100,2,25.0,sales_raw.csv,2026-07
SO00333,2026-08-24,IN,M-100,3,37.5,sales_raw.csv,2026-08
SO00334,2026-07-27,IN,M-400,14,2100.0,sales_raw.csv,2026-07
SO00335,2026-07-27,IN,M-100,1,12.5,sales_raw.csv,2026-07
SO00336,2026-08-24,DE,M-200,12,576.0,sales_raw.csv,2026-08
SO00337,2026-02-24,US,M-400,8,1200.0,sales_raw.csv,2026-02
SO00338,2026-09-26,US,M-400,3,450.0,sales_raw.csv,2026-09
SO00339,2026-06-23,IN,M-300,8,63.2,sales_raw.csv,2026-06
SO00340,2026-02-09,DE,M-200,17,816.0,sales_raw.csv,2026-02
SO00341,2026-06-28,FR,M-200,12,576.0,sales_raw.csv,2026-06
SO00342,2026-02-22,IN,M-200,5,240.0,sales_raw.csv,2026-02
SO00343,2026-03-30,FR,M-200,20,960.0,sales_raw.csv,2026-03
SO00344,2026-04-01,US,M-100,16,200.0,sales_raw.csv,2026-04
SO00345,2026-06-15,FR,M-400,11,1650.0,sales_raw.csv,2026-06
SO00346,2026-02-04,US,M-400,16,2400.0,sales_raw.csv,2026-02
SO00347,2026-05-21,DE,M-300,19,150.1,sales_raw.csv,2026-05
SO00348,2026-09-17,IN,M-300,3,23.7,sales_raw.csv,2026-09
SO00349,2026-08-20,DE,M-400,2,300.0,sales_raw.csv,2026-08
SO00350,2026-05-27,DE,M-300,3,23.7,sales_raw.csv,2026-05
SO00351,2026-08-25,NL,M-400,19,2850.0,sales_raw.csv,2026-08
SO00352,2026-08-19,FR,M-100,19,237.5,sales_raw.csv,2026-08
SO00353,2026-09-01,FR,M-300,17,134.3,sales_raw.csv,2026-09
SO00354,2026-08-19,IN,M-100,4,50.0,sales_raw.csv,2026-08
SO00355,2026-09-16,UNKNOWN,M-100,6,75.0,sales_raw.csv,2026-09
SO00356,2026-08-13,NL,M-200,15,720.0,sales_raw.csv,2026-08
SO00357,2026-07-06,IN,M-200,12,576.0,sales_raw.csv,2026-07
SO00358,2026-07-29,NL,M-400,11,1650.0,sales_raw.csv,2026-07
SO00359,2026-06-21,IN,M-100,3,37.5,sales_raw.csv,2026-06
SO00360,2026-07-17,IN,M-100,10,125.0,sales_raw.csv,2026-07
SO00361,2026-06-20,NL,M-200,3,144.0,sales_raw.csv,2026-06
SO00362,2026-06-29,US,M-200,10,480.0,sales_raw.csv,2026-06
SO00363,2026-02-13,NL,M-200,10,480.0,sales_raw.csv,2026-02
SO00364,2026-06-18,NL,M-400,5,750.0,sales_raw.csv,2026-06
SO00365,2026-08-05,IN,M-100,17,212.5,sales_raw.csv,2026-08
SO00366,2026-07-05,FR,M-100,10,125.0,sales_raw.csv,2026-07
SO00367,2026-06-24,FR,M-200,16,768.0,sales_raw.csv,2026-06
SO00368,2026-03-12,DE,M-200,5,240.0,sales_raw.csv,2026-03
SO00369,2026-02-21,NL,M-300,17,134.3,sales_raw.csv,2026-02
SO00370,2026-06-22,FR,M-100,20,250.0,sales_raw.csv,2026-06
SO00372,2026-08-13,US,M-200,2,96.0,sales_raw.csv,2026-08
SO00373,2026-05-02,NL,M-300,15,118.5,sales_raw.csv,2026-05
SO00374,2026-08-18,NL,M-300,8,63.2,sales_raw.csv,2026-08
SO00375,2026-06-08,FR,M-200,16,768.0,sales_raw.csv,2026-06
SO00376,2026-08-14,IN,M-300,15,118.5,sales_raw.csv,2026-08
SO00377,2026-09-15,US,M-400,17,2550.0,sales_raw.csv,2026-09
SO00378,2026-04-13,FR,M-200,20,960.0,sales_raw.csv,2026-04
SO00379,2026-01-27,IN,M-300,16,126.4,sales_raw.csv,2026-01
SO00380,2026-09-22,IN,M-100,4,50.0,sales_raw.csv,2026-09
SO00381,2026-03-24,US,M-100,9,112.5,sales_raw.csv,2026-03
SO00382,2026-08-12,FR,M-200,3,144.0,sales_raw.csv,2026-08
SO00383,2026-06-28,US,M-400,1,150.0,sales_raw.csv,2026-06
SO00384,2026-07-22,IN,M-100,17,212.5,sales_raw.csv,2026-07
SO00385,2026-07-17,IN,M-200,3,144.0,sales_raw.csv,2026-07
SO00386,2026-01-15,DE,M-200,11,528.0,sales_raw.csv,2026-01
SO00387,2026-03-16,DE,M-300,5,39.5,sales_raw.csv,2026-03
SO00388,2026-08-30,US,M-300,5,39.5,sales_raw.csv,2026-08
SO00389,2026-01-03,DE,M-400,3,450.0,sales_raw.csv,2026-01
SO00390,2026-04-21,NL,M-300,5,39.5,sales_raw.csv,2026-04
SO00391,2026-02-26,FR,M-400,10,1500.0,sales_raw.csv,2026-02
SO00392,2026-03-04,FR,M-300,2,15.8,sales_raw.csv,2026-03
SO00393,2026-08-23,DE,M-400,3,450.0,sales_raw.csv,2026-08
SO00394,2026-01-09,NL,M-400,17,2550.0,sales_raw.csv,2026-01
SO00395,2026-03-15,US,M-200,10,480.0,sales_raw.csv,2026-03
SO00396,2026-06-30,NL,M-100,8,100.0,sales_raw.csv,2026-06
SO00397,2026-04-06,NL,M-400,3,450.0,sales_raw.csv,2026-04
SO00398,2026-02-04,NL,M-300,17,134.3,sales_raw.csv,2026-02
SO00399,2026-07-19,DE,M-100,16,200.0,sales_raw.csv,2026-07
SO00400,2026-07-11,DE,M-400,9,1350.0,sales_raw.csv,2026-07
SO00401,2026-02-04,FR,M-300,12,94.8,sales_raw.csv,2026-02
SO00402,2026-06-20,DE,M-100,5,62.5,sales_raw.csv,2026-06
SO00403,2026-06-23,US,M-300,6,47.4,sales_raw.csv,2026-06
SO00404,2026-04-04,DE,M-400,5,750.0,sales_raw.csv,2026-04
SO00405,2026-01-19,FR,M-400,10,1500.0,sales_raw.csv,2026-01
SO00406,2026-04-13,IN,M-100,2,25.0,sales_raw.csv,2026-04
SO00407,2026-09-21,NL,M-300,13,102.7,sales_raw.csv,2026-09
SO00408,2026-05-10,FR,M-400,2,300.0,sales_raw.csv,2026-05
SO00409,2026-07-02,IN,M-300,2,15.8,sales_raw.csv,2026-07
SO00410,2026-03-05,US,M-300,12,94.8,sales_raw.csv,2026-03
SO00411,2026-08-14,IN,M-400,13,1950.0,sales_raw.csv,2026-08
SO00412,2026-09-12,IN,M-200,16,768.0,sales_raw.csv,2026-09
SO00413,2026-02-12,DE,M-300,14,110.6,sales_raw.csv,2026-02
SO00414,2026-04-03,IN,M-400,18,2700.0,sales_raw.csv,2026-04
SO00415,2026-02-22,IN,M-300,3,23.7,sales_raw.csv,2026-02
SO00416,2026-06-06,NL,M-300,15,118.5,sales_raw.csv,2026-06
SO00417,2026-03-27,IN,M-400,15,2250.0,sales_raw.csv,2026-03
SO00418,2026-01-22,NL,M-400,12,1800.0,sales_raw.csv,2026-01
SO00419,2026-05-21,DE,M-400,2,300.0,sales_raw.csv,2026-05
SO00420,2026-07-06,FR,M-400,17,2550.0,sales_raw.csv,2026-07
SO00421,2026-03-15,US,M-100,20,250.0,sales_raw.csv,2026-03
SO00422,2026-03-06,FR,M-100,3,37.5,sales_raw.csv,2026-03
SO00423,2026-07-05,NL,M-300,13,102.7,sales_raw.csv,2026-07
SO00425,2026-08-16,NL,M-300,3,23.7,sales_raw.csv,2026-08
SO00426,2026-07-07,UNKNOWN,M-200,13,624.0,sales_raw.csv,2026-07
SO00427,2026-05-08,DE,M-300,4,31.6,sales_raw.csv,2026-05
SO00428,2026-09-13,US,M-200,17,816.0,sales_raw.csv,2026-09
SO00429,2026-05-15,US,M-100,9,112.5,sales_raw.csv,2026-05
SO00430,2026-05-27,FR,M-200,16,768.0,sales_raw.csv,2026-05
SO00431,2026-03-11,US,M-100,3,37.5,sales_raw.csv,2026-03
SO00432,2026-08-16,IN,M-200,3,144.0,sales_raw.csv,2026-08
SO00433,2026-02-03,NL,M-300,18,142.2,sales_raw.csv,2026-02
SO00434,2026-06-03,FR,M-300,6,47.4,sales_raw.csv,2026-06
SO00435,2026-09-18,DE,M-300,8,63.2,sales_raw.csv,2026-09
SO00436,2026-03-13,US,M-200,8,384.0,sales_raw.csv,2026-03
SO00437,2026-07-04,NL,M-100,18,225.0,sales_raw.csv,2026-07
SO00438,2026-08-28,FR,M-300,18,142.2,sales_raw.csv,2026-08
SO00439,2026-02-03,US,M-100,10,125.0,sales_raw.csv,2026-02
SO00440,2026-09-27,US,M-400,14,2100.0,sales_raw.csv,2026-09
SO00441,2026-03-06,DE,M-100,11,137.5,sales_raw.csv,2026-03
SO00442,2026-08-27,IN,M-400,17,2550.0,sales_raw.csv,2026-08
SO00443,2026-04-04,US,M-200,5,240.0,sales_raw.csv,2026-04
SO00444,2026-03-05,FR,M-100,17,212.5,sales_raw.csv,2026-03
SO00445,2026-03-26,IN,M-300,6,47.4,sales_raw.csv,2026-03
SO00446,2026-06-27,IN,M-200,17,816.0,sales_raw.csv,2026-06
SO00447,2026-05-09,NL,M-100,7,87.5,sales_raw.csv,2026-05
SO00448,2026-03-06,NL,M-300,10,79.0,sales_raw.csv,2026-03
SO00449,2026-09-15,NL,M-100,6,75.0,sales_raw.csv,2026-09
SO00450,2026-03-29,NL,M-200,20,960.0,sales_raw.csv,2026-03
SO00451,2026-01-22,DE,M-300,1,7.9,sales_raw.csv,2026-01
SO00452,2026-05-16,NL,M-100,7,87.5,sales_raw.csv,2026-05
SO00453,2026-01-16,NL,M-400,16,2400.0,sales_raw.csv,2026-01
SO00454,2026-06-04,FR,M-300,16,126.4,sales_raw.csv,2026-06
SO00455,2026-06-02,DE,M-400,15,2250.0,sales_raw.csv,2026-06
SO00456,2026-03-22,US,M-100,15,187.5,sales_raw.csv,2026-03
SO00457,2026-08-26,IN,M-400,7,1050.0,sales_raw.csv,2026-08
SO00458,2026-06-10,IN,M-200,11,528.0,sales_raw.csv,2026-06
SO00459,2026-03-08,NL,M-400,12,1800.0,sales_raw.csv,2026-03
SO00460,2026-06-13,US,M-100,8,100.0,sales_raw.csv,2026-06
SO00461,2026-05-17,FR,M-100,15,187.5,sales_raw.csv,2026-05
SO00462,2026-02-19,IN,M-200,2,96.0,sales_raw.csv,2026-02
SO00463,2026-08-03,FR,M-400,8,1200.0,sales_raw.csv,2026-08
SO00464,2026-06-10,FR,M-300,7,55.3,sales_raw.csv,2026-06
SO00465,2026-09-21,US,M-400,15,2250.0,sales_raw.csv,2026-09
SO00466,2026-09-12,DE,M-300,1,7.9,sales_raw.csv,2026-09
SO00467,2026-09-16,FR,M-400,15,2250.0,sales_raw.csv,2026-09
SO00468,2026-06-30,DE,M-200,2,96.0,sales_raw.csv,2026-06
SO00469,2026-09-11,US,M-300,20,158.0,sales_raw.csv,2026-09
SO00470,2026-01-05,US,M-300,4,31.6,sales_raw.csv,2026-01
SO00471,2026-05-16,US,M-200,12,576.0,sales_raw.csv,2026-05
SO00472,2026-01-24,DE,M-300,13,102.7,sales_raw.csv,2026-01
SO00473,2026-07-05,IN,M-200,18,864.0,sales_raw.csv,2026-07
SO00474,2026-07-17,US,M-100,17,212.5,sales_raw.csv,2026-07
SO00475,2026-03-02,DE,M-300,5,39.5,sales_raw.csv,2026-03
SO00476,2026-07-11,NL,M-400,11,1650.0,sales_raw.csv,2026-07
SO00478,2026-09-14,DE,M-400,2,300.0,sales_raw.csv,2026-09
SO00479,2026-03-12,US,M-100,11,137.5,sales_raw.csv,2026-03
SO00480,2026-03-18,NL,M-400,20,3000.0,sales_raw.csv,2026-03
SO00481,2026-06-17,IN,M-200,20,960.0,sales_raw.csv,2026-06
SO00482,2026-07-21,IN,M-200,20,960.0,sales_raw.csv,2026-07
SO00483,2026-09-17,NL,M-300,17,134.3,sales_raw.csv,2026-09
SO00484,2026-06-03,DE,M-400,16,2400.0,sales_raw.csv,2026-06
SO00485,2026-06-19,US,M-300,4,31.6,sales_raw.csv,2026-06
SO00486,2026-01-14,US,M-300,20,158.0,sales_raw.csv,2026-01
SO00487,2026-04-27,NL,M-300,2,15.8,sales_raw.csv,2026-04
SO00488,2026-03-29,NL,M-400,17,2550.0,sales_raw.csv,2026-03
SO00489,2026-03-17,DE,M-400,8,1200.0,sales_raw.csv,2026-03
SO00490,2026-04-08,US,M-100,1,12.5,sales_raw.csv,2026-04
SO00491,2026-08-03,US,M-300,5,39.5,sales_raw.csv,2026-08
SO00492,2026-07-30,NL,M-200,17,816.0,sales_raw.csv,2026-07
SO00493,2026-02-01,NL,M-400,5,750.0,sales_raw.csv,2026-02
SO00494,2026-06-16,NL,M-200,16,768.0,sales_raw.csv,2026-06
SO00495,2026-06-10,US,M-400,6,900.0,sales_raw.csv,2026-06
SO00496,2026-07-01,NL,M-300,9,71.1,sales_raw.csv,2026-07
SO00497,2026-04-09,UNKNOWN,M-400,8,1200.0,sales_raw.csv,2026-04
SO00498,2026-04-26,IN,M-300,10,79.0,sales_raw.csv,2026-04
SO00499,2026-09-08,US,M-200,11,528.0,sales_raw.csv,2026-09
